owner,repository,category,stars,forks,watchers,subscribers,open_issues,size,language,topics_count,license,default_branch,contributors,releases,branches,readme_size,has_wiki,has_projects,has_issues,has_pages,archived,disabled,created_at,updated_at,pushed_at
codecrafters-io,build-your-own-x,Enterprise,525013,49654,525013,6789,522,1100,Markdown,6,,master,30,0,1,46668,False,False,True,False,False,False,2018-05-09T12:03:18Z,2026-07-14T12:12:04Z,2026-06-25T14:41:09Z
sindresorhus,awesome,Enterprise,484816,35856,484816,8266,92,1565,,5,CC0-1.0,main,30,0,2,79614,False,False,True,True,False,False,2014-07-11T13:42:37Z,2026-07-14T12:19:13Z,2026-06-30T18:21:16Z
freeCodeCamp,freeCodeCamp,Enterprise,451795,45613,451795,8671,276,578174,TypeScript,15,BSD-3-Clause,main,30,0,3,6648,False,True,True,False,False,False,2014-12-24T17:49:19Z,2026-07-14T12:18:47Z,2026-07-14T10:16:52Z
public-apis,public-apis,Enterprise,449929,49467,449929,4611,1551,6970,Python,13,MIT,master,30,0,3,221074,False,False,True,False,False,False,2016-03-20T23:49:42Z,2026-07-14T12:19:03Z,2026-07-13T15:58:22Z
EbookFoundation,free-programming-books,Enterprise,392068,66525,392068,9798,77,21557,Python,5,CC-BY-4.0,main,30,0,21,15921,False,False,True,True,False,False,2013-10-11T06:50:37Z,2026-07-14T12:14:04Z,2026-07-04T21:45:40Z
openclaw,openclaw,Enterprise,382901,80376,382901,1779,6547,1903778,TypeScript,7,NOASSERTION,main,30,30,30,87538,False,False,True,False,False,False,2025-11-24T10:16:47Z,2026-07-14T12:19:22Z,2026-07-14T12:19:22Z
nilbuild,developer-roadmap,Enterprise,360855,44527,360855,6842,12,361438,TypeScript,18,NOASSERTION,master,30,1,30,9339,True,False,True,False,False,False,2017-03-15T13:45:52Z,2026-07-14T12:18:34Z,2026-07-14T12:01:33Z
donnemartin,system-design-primer,Enterprise,357538,57204,357538,6860,571,11277,Python,13,NOASSERTION,master,30,0,2,109830,True,True,True,False,False,False,2017-02-26T16:15:28Z,2026-07-14T12:19:12Z,2026-03-20T01:52:19Z
jwasham,coding-interview-university,Enterprise,356174,84279,356174,8564,122,22700,,12,CC-BY-SA-4.0,main,30,0,2,136655,False,False,True,False,False,False,2016-06-06T02:34:12Z,2026-07-14T12:13:19Z,2025-08-28T14:42:47Z
vinta,awesome-python,Enterprise,308086,28304,308086,6123,17,5775,Python,6,NOASSERTION,master,30,0,1,82251,False,False,False,True,False,False,2014-06-27T21:00:06Z,2026-07-14T12:13:17Z,2026-07-14T07:27:15Z
awesome-selfhosted,awesome-selfhosted,Enterprise,305373,14305,305373,3237,0,17131,,8,NOASSERTION,master,30,1,1,322863,False,False,False,False,False,False,2015-06-01T02:33:17Z,2026-07-14T12:07:04Z,2026-07-14T00:08:12Z
996icu,996.ICU,Enterprise,276384,20798,276384,4206,16697,189351,,0,NOASSERTION,master,30,0,1,6897,False,False,False,False,False,False,2019-03-26T07:31:14Z,2026-07-14T09:49:52Z,2025-08-22T06:01:29Z
practical-tutorials,project-based-learning,Enterprise,273260,35242,273260,3465,287,445,Python,8,MIT,master,30,0,2,52344,True,True,True,False,False,False,2017-04-12T05:07:46Z,2026-07-14T12:13:18Z,2026-07-13T10:06:14Z
obra,superpowers,Enterprise,254390,22721,254390,1015,330,3832,Shell,8,MIT,main,30,10,30,10737,True,True,True,False,False,False,2025-10-09T19:45:18Z,2026-07-14T12:20:17Z,2026-07-13T21:25:55Z
react,react,Enterprise,246464,51208,246464,6602,1204,1020069,JavaScript,6,MIT,main,30,30,30,5317,False,False,True,True,False,False,2013-05-24T16:15:54Z,2026-07-14T11:14:22Z,2026-07-14T12:07:54Z
torvalds,linux,Enterprise,239424,63466,239424,8378,3,6323337,C,0,NOASSERTION,master,0,0,1,6043,False,True,False,False,False,False,2011-09-04T22:48:12Z,2026-07-14T12:18:33Z,2026-07-13T23:16:13Z
trimstray,the-book-of-secret-knowledge,Enterprise,233201,13906,233201,2817,158,1748,,19,MIT,master,30,0,1,211676,False,False,False,False,False,False,2018-06-23T10:43:14Z,2026-07-14T12:06:31Z,2024-11-19T14:00:38Z
affaan-m,ECC,Enterprise,229464,35149,229464,1257,106,39505,JavaScript,8,MIT,main,30,14,29,90528,True,True,True,False,False,False,2026-01-18T00:51:51Z,2026-07-14T12:17:59Z,2026-07-14T01:31:12Z
TheAlgorithms,Python,Enterprise,222680,50835,222680,5978,1014,16568,Python,14,MIT,master,30,0,10,2807,True,True,True,True,False,False,2016-07-16T09:44:01Z,2026-07-14T12:11:04Z,2026-07-11T00:39:35Z
NousResearch,hermes-agent,Enterprise,214634,39891,214634,827,24439,495208,Python,16,MIT,main,30,21,30,17617,True,True,True,True,False,False,2025-07-22T22:22:28Z,2026-07-14T12:19:27Z,2026-07-14T12:16:22Z
vuejs,vue,Enterprise,210146,33948,210146,5827,635,32152,TypeScript,4,MIT,main,30,30,15,7874,True,True,True,False,False,False,2013-07-29T03:24:51Z,2026-07-14T12:19:33Z,2024-10-10T07:24:15Z
ossu,computer-science,Enterprise,206035,25583,206035,5966,23,1783,HTML,4,MIT,master,30,0,11,29250,True,True,True,True,False,False,2014-05-04T00:18:39Z,2026-07-14T12:05:27Z,2026-07-14T05:38:25Z
n8n-io,n8n,Enterprise,196390,59316,196390,1136,1398,519284,TypeScript,20,NOASSERTION,master,30,30,30,4019,False,False,True,True,False,False,2019-06-22T09:24:21Z,2026-07-14T12:19:37Z,2026-07-14T12:21:13Z
tensorflow,tensorflow,Enterprise,196337,75547,196337,7482,2681,1348033,C++,8,Apache-2.0,master,30,30,30,9790,False,True,True,False,False,False,2015-11-07T01:19:20Z,2026-07-14T12:20:59Z,2026-07-14T12:16:47Z
trekhleb,javascript-algorithms,Enterprise,196228,31045,196228,4226,402,14956,JavaScript,8,MIT,master,30,0,1,25525,False,False,True,False,False,False,2018-03-24T07:47:04Z,2026-07-14T10:26:51Z,2026-06-26T22:49:17Z
conda-forge,miniforge,Growing,9999,521,9999,64,127,1083,Shell,0,NOASSERTION,main,30,30,7,20257,False,False,True,True,False,False,2019-11-14T01:23:03Z,2026-07-14T12:05:04Z,2026-07-01T18:53:04Z
InsertKoinIO,koin,Growing,9998,786,9998,105,79,44258,Kotlin,7,Apache-2.0,main,30,30,23,5577,True,True,True,False,False,False,2017-06-06T12:21:06Z,2026-07-13T16:50:48Z,2026-06-15T08:55:27Z
go-swagger,go-swagger,Growing,9998,1309,9998,111,324,56710,Go,7,Apache-2.0,master,30,30,6,13473,False,False,True,True,False,False,2014-11-16T20:13:15Z,2026-07-13T20:11:40Z,2026-07-12T10:00:06Z
pagekit,vue-resource,Growing,9997,1567,9997,2,113,1765,JavaScript,4,MIT,develop,21,30,17,2459,True,True,True,False,True,False,2014-02-07T23:07:56Z,2026-07-14T03:14:26Z,2022-12-08T21:37:18Z
ruby-grape,grape,Growing,9996,1230,9996,194,237,7567,Ruby,4,MIT,master,30,0,30,121736,False,True,True,False,False,False,2010-08-02T14:25:08Z,2026-07-14T01:24:12Z,2026-07-14T01:24:10Z
Theano,Theano,Growing,9995,2465,9995,521,699,68115,Python,0,NOASSERTION,master,30,0,3,469,True,True,True,False,False,False,2011-08-10T03:48:06Z,2026-07-11T19:01:02Z,2024-01-15T03:16:24Z
samratashok,nishang,Growing,9994,2547,9994,400,21,11154,PowerShell,9,NOASSERTION,master,11,7,1,17490,True,True,True,False,False,False,2014-05-19T11:48:24Z,2026-07-14T10:57:27Z,2024-04-25T19:39:44Z
luanfujun,deep-photo-styletransfer,Growing,9991,1378,9991,417,34,174265,Matlab,0,,master,5,0,1,9119,True,True,True,False,False,False,2017-03-22T04:47:29Z,2026-07-08T21:43:01Z,2021-08-02T01:07:44Z
data-privacy-stack,presidio,Growing,9991,1198,9991,89,85,345435,Python,20,MIT,main,30,30,30,6722,True,True,True,True,False,False,2018-05-04T11:08:58Z,2026-07-14T11:42:16Z,2026-07-13T20:47:14Z
t8y2,dbx,Growing,9989,1001,9989,110,830,48996,Rust,14,Apache-2.0,main,30,30,10,25511,True,True,True,True,False,False,2026-04-29T03:00:36Z,2026-07-14T12:10:41Z,2026-07-14T11:03:42Z
microsoft,vscode-copilot-chat,Growing,9986,1992,9986,90,256,86542,TypeScript,0,MIT,main,30,30,30,9154,False,False,True,False,True,False,2025-06-10T16:21:19Z,2026-07-14T08:23:56Z,2026-05-20T10:23:40Z
WebKit,WebKit,Growing,9986,2049,9986,143,2386,12747947,JavaScript,7,,main,30,0,30,5724,True,False,False,False,False,False,2020-12-11T17:11:43Z,2026-07-14T12:20:17Z,2026-07-14T12:22:07Z
QianMo,Game-Programmer-Study-Notes,Growing,9984,1754,9984,208,735,788853,,18,,master,4,0,1,10674,True,True,True,False,False,False,2016-11-16T06:57:32Z,2026-07-14T05:45:45Z,2021-10-16T10:02:21Z
KoljaB,RealtimeSTT,Growing,9983,848,9983,73,146,5824,Python,3,MIT,master,23,30,1,7182,True,True,True,False,False,False,2023-08-29T17:58:28Z,2026-07-13T20:48:13Z,2026-06-12T20:03:56Z
unoplatform,uno,Growing,9982,869,9982,188,1523,332714,C#,20,Apache-2.0,master,30,30,30,13502,False,False,True,False,False,False,2018-05-07T11:52:27Z,2026-07-14T07:57:19Z,2026-07-14T12:18:21Z
shidenggui,easytrader,Growing,9976,3006,9976,576,15,926,Python,0,MIT,master,30,0,1,1812,True,True,True,False,False,False,2015-12-05T11:28:55Z,2026-07-14T10:17:24Z,2026-02-28T07:14:27Z
Visualize-ML,Book4_Power-of-Matrix,Growing,9976,1562,9976,80,10,334630,Jupyter Notebook,6,,main,1,0,1,335,True,True,True,False,False,False,2022-07-02T19:58:34Z,2026-07-14T08:04:40Z,2026-05-01T14:42:44Z
rubickCenter,rubick,Growing,9975,1010,9975,71,148,107853,TypeScript,8,MIT,master,22,30,4,7107,True,True,True,True,False,False,2021-06-11T02:00:20Z,2026-07-14T03:31:05Z,2026-01-14T03:25:16Z
prometheus-operator,prometheus-operator,Growing,9961,3861,9961,137,298,171959,Go,4,Apache-2.0,main,30,30,30,9930,False,True,True,False,False,False,2016-09-22T21:38:06Z,2026-07-14T00:51:17Z,2026-07-10T15:16:34Z
r-lyeh,single_file_libs,Growing,9960,650,9960,313,9,429,,0,,master,30,0,1,83968,False,False,True,False,False,False,2016-10-07T15:54:19Z,2026-07-13T08:30:05Z,2026-06-20T17:08:29Z
TypeCellOS,BlockNote,Growing,9960,749,9960,43,205,262619,TypeScript,12,NOASSERTION,main,30,30,30,4739,True,True,True,True,False,False,2022-03-02T07:24:48Z,2026-07-14T10:57:13Z,2026-07-11T18:22:46Z
MrXujiang,h5-Dooring,Growing,9959,1830,9959,161,39,52161,JavaScript,20,GPL-3.0,master,11,0,7,12024,True,True,True,False,False,False,2020-08-22T04:20:42Z,2026-07-13T12:00:17Z,2026-03-22T14:29:13Z
akaunting,akaunting,Growing,9955,2943,9955,217,7,85856,PHP,19,NOASSERTION,master,30,30,2,3679,False,False,True,False,False,False,2017-06-21T14:17:56Z,2026-07-14T08:03:42Z,2026-07-14T07:59:08Z
chaitin,PandaWiki,Growing,9953,989,9953,59,318,41957,TypeScript,9,AGPL-3.0,main,16,30,9,5300,True,True,True,False,False,False,2025-05-15T12:55:40Z,2026-07-14T08:41:42Z,2026-06-29T06:27:36Z
microsoft,magentic-ui,Growing,9952,997,9952,69,6,53056,Python,11,MIT,main,30,10,30,5292,True,True,True,True,False,False,2025-05-05T20:24:30Z,2026-07-13T21:09:43Z,2026-07-10T21:44:41Z
daliansky,Hackintosh,Growing,9948,1153,9948,334,0,72792,Shell,13,MIT,master,30,0,2,357266,True,True,False,False,False,False,2019-01-14T06:26:56Z,2026-07-13T20:31:03Z,2026-07-13T02:44:58Z
CollabCodeTech,backend-challenges,Growing,9945,679,9945,243,0,109,,7,MIT,main,25,0,1,12889,True,True,True,False,False,False,2019-07-08T23:07:34Z,2026-07-14T11:40:10Z,2026-02-04T00:02:22Z
johnkerl,miller,Growing,9945,238,9945,60,76,217014,Go,20,NOASSERTION,main,30,30,30,27750,True,True,True,True,False,False,2015-05-03T23:00:37Z,2026-07-13T13:50:27Z,2026-07-09T19:27:41Z
aandrew-me,ytDownloader,Growing,9944,890,9944,77,41,5139,JavaScript,20,GPL-3.0,main,18,30,29,9618,True,False,True,True,False,False,2022-07-25T16:14:20Z,2026-07-14T09:21:57Z,2026-07-14T09:21:46Z
drivendataorg,cookiecutter-data-science,Growing,9943,2639,9943,113,34,1328,Python,6,MIT,master,30,6,10,5792,False,False,True,False,False,False,2015-10-30T19:19:57Z,2026-07-14T02:07:20Z,2026-07-12T03:17:53Z
git-bug,git-bug,Growing,9942,311,9942,76,169,30719,Go,5,GPL-3.0,trunk,30,14,30,5438,False,True,True,True,False,False,2018-07-12T07:55:57Z,2026-07-14T12:11:13Z,2026-07-06T17:38:24Z
oblador,react-native-animatable,Growing,9942,694,9942,109,171,1755,JavaScript,3,MIT,master,29,24,2,12304,False,True,True,False,False,False,2015-10-18T02:04:35Z,2026-07-14T08:17:12Z,2023-10-26T16:46:05Z
alexanderepstein,Bash-Snippets,Growing,9942,843,9942,227,13,4241,Shell,12,MIT,master,30,30,1,16435,False,False,True,False,False,False,2017-06-26T21:55:08Z,2026-07-14T06:06:50Z,2024-05-04T18:12:41Z
google-deepmind,sonnet,Growing,9940,1307,9940,408,43,16932,Python,5,Apache-2.0,v2,30,4,5,11648,True,True,True,True,False,False,2017-04-03T11:34:35Z,2026-07-13T20:13:54Z,2026-07-07T22:31:42Z
npm,cli,Growing,9940,4502,9940,229,654,177148,JavaScript,6,NOASSERTION,latest,30,30,30,3352,True,False,True,False,False,False,2018-07-05T23:26:52Z,2026-07-14T10:43:39Z,2026-07-13T20:28:14Z
cncf,landscape,Growing,9938,2172,9938,398,62,326989,,8,Apache-2.0,master,30,0,30,5474,False,True,True,False,False,False,2016-11-04T19:30:00Z,2026-07-13T22:23:16Z,2026-07-13T19:01:16Z
awesome-lists,awesome-bash,Growing,9937,846,9937,176,5,86,Shell,3,CC0-1.0,master,30,0,3,14722,False,True,True,False,False,False,2016-02-08T09:30:10Z,2026-07-14T06:11:45Z,2026-05-21T14:27:17Z
Dr-TSNG,ZygiskNext,Growing,9934,619,9934,98,2,581,,3,,copyright,2,30,3,1878,True,False,True,False,False,False,2023-01-28T07:45:16Z,2026-07-14T10:39:05Z,2026-06-22T13:04:10Z
gcla,termshark,Growing,9934,437,9934,115,49,22261,Go,8,MIT,master,14,7,30,20298,False,True,True,True,False,False,2019-04-20T03:08:13Z,2026-07-14T02:23:30Z,2024-04-30T06:15:11Z
lyhue1991,eat_tensorflow2_in_30_days,Growing,9934,2430,9934,264,28,61324,Python,4,Apache-2.0,master,3,0,4,23822,True,True,True,True,False,False,2020-02-15T09:00:37Z,2026-07-13T20:17:08Z,2022-09-22T03:18:54Z
stillwater-sc,universal,SmallActive,500,69,500,25,28,145666,C++,19,MIT,main,28,30,1,52547,True,True,True,True,False,False,2017-05-01T20:13:06Z,2026-07-10T09:57:35Z,2026-07-01T02:36:09Z
harismuneer,Library-Management-System-JAVA,SmallActive,500,329,500,22,22,1000,Java,20,MIT,master,2,0,2,9769,False,False,True,False,False,False,2018-07-02T16:35:51Z,2026-07-14T04:50:39Z,2025-01-30T18:01:50Z
zchuz,CoT-Reasoning-Survey,SmallActive,500,16,500,6,0,5005,,6,MIT,main,2,0,1,45340,False,False,True,False,False,False,2023-09-22T06:10:39Z,2026-07-14T08:01:24Z,2025-01-16T12:25:06Z
liangdabiao,amazon-sorftime-research-MCP-skill,SmallActive,500,79,500,2,3,1855,Python,1,,main,1,0,2,34535,True,True,True,False,False,False,2026-03-02T15:17:23Z,2026-07-14T11:28:16Z,2026-07-08T12:17:42Z
scikit-build,scikit-build-core,SmallActive,500,92,500,11,39,3116,Python,2,Apache-2.0,main,30,30,25,16815,False,False,True,False,False,False,2022-08-17T04:51:15Z,2026-07-12T04:28:31Z,2026-07-14T06:02:48Z
Kruithne,wow.export,SmallActive,500,100,500,23,64,164974,JavaScript,0,MIT,main,16,30,15,2069,True,True,True,False,False,False,2019-10-21T16:45:49Z,2026-07-13T12:09:32Z,2026-06-22T19:31:43Z
ircfspace,tconfig,SmallActive,500,134,500,30,20,721,JavaScript,10,,main,1,5,1,740,False,True,True,True,False,False,2023-06-22T09:14:18Z,2026-07-13T12:36:23Z,2025-07-06T09:45:58Z
mercurykd,vpnbot,SmallActive,500,89,500,18,7,140053,PHP,0,,master,6,0,5,495,True,True,True,True,False,False,2022-10-04T14:37:21Z,2026-06-25T05:42:29Z,2026-05-31T20:59:32Z
arco-design,arco-design-mobile,SmallActive,500,84,500,10,56,9046,TypeScript,7,MIT,main,29,0,30,4831,True,True,True,False,False,False,2022-06-01T04:01:10Z,2026-07-09T06:41:01Z,2026-06-03T06:18:17Z
mchughalex,skate3recomp,SmallActive,500,14,500,10,18,420,C++,0,,main,1,6,1,8199,True,True,True,False,False,False,2026-06-04T20:48:10Z,2026-07-13T17:44:54Z,2026-06-30T23:11:00Z
VikashLoomba,copilot-mcp,SmallActive,500,54,500,5,6,9311,TypeScript,12,GPL-3.0,main,3,30,11,5485,True,True,True,False,False,False,2025-02-17T10:40:33Z,2026-07-14T09:32:11Z,2026-06-15T20:18:27Z
mxstbr,mxstbr.com,SmallActive,500,53,500,6,10,43174,TypeScript,3,,master,11,0,30,1923,False,False,True,False,False,False,2018-10-15T10:12:46Z,2026-06-29T07:26:58Z,2026-06-27T01:33:38Z
nickel-lang,organist,SmallActive,500,22,500,17,29,637,NCL,5,MIT,main,15,0,30,4598,True,True,True,False,False,False,2022-02-18T10:09:58Z,2026-07-01T03:07:50Z,2025-11-21T00:18:13Z
sketchpunklabs,ossos,SmallActive,500,51,500,24,13,1311,TypeScript,11,MIT,main,2,3,2,5485,True,True,True,False,False,False,2021-12-04T16:03:45Z,2026-07-13T16:46:52Z,2025-11-19T05:02:48Z
DataDog,kafka-kit,SmallActive,500,56,500,23,56,13626,Go,7,Apache-2.0,master,16,30,30,2448,True,True,True,False,False,False,2017-08-15T22:24:23Z,2026-07-13T20:14:19Z,2026-07-06T15:41:44Z
Hub-Tian,UAVs_Meet_LLMs,SmallActive,500,46,500,8,0,128,,0,MIT,main,5,0,1,62799,False,True,True,False,False,False,2024-12-27T04:29:18Z,2026-06-30T07:15:52Z,2025-03-26T17:39:34Z
RudeySH,lastfm-bulk-edit,SmallActive,500,16,500,13,11,4738,TypeScript,0,AGPL-3.0,main,2,0,2,9750,True,True,True,False,False,False,2020-02-06T18:58:14Z,2026-07-13T23:45:19Z,2026-07-07T16:10:25Z
Fattorino,ImNodeFlow,SmallActive,500,77,500,11,19,9369,C++,9,MIT,master,9,6,2,4153,False,True,True,False,False,False,2024-01-15T15:39:52Z,2026-07-06T00:07:35Z,2026-05-23T12:45:13Z
yoshuawuyts,futures-concurrency,SmallActive,500,48,500,8,35,668,Rust,4,Apache-2.0,main,27,17,7,3738,True,True,True,False,False,False,2021-08-29T17:50:52Z,2026-06-26T16:27:57Z,2026-01-28T12:52:44Z
antonbabenko,terraform-aws-devops,SmallActive,500,94,500,42,0,471,,11,,master,1,0,1,10364,True,True,True,False,False,False,2015-08-20T18:36:58Z,2026-06-30T04:45:52Z,2026-06-01T10:27:52Z
iHTCboy,iAppStore-SwiftUI,SmallActive,500,90,500,10,2,9313,Swift,2,GPL-3.0,main,2,7,1,3024,True,True,True,False,False,False,2021-12-31T03:25:13Z,2026-06-30T16:41:19Z,2026-06-14T04:07:36Z
zmike1993,hello-world,SmallActive,500,57,500,18,191,215432,,0,,master,1,0,6,4258,True,True,True,True,False,False,2019-03-17T04:20:08Z,2026-07-11T01:59:48Z,2026-02-28T08:31:42Z
freezy,VisualPinball.Engine,SmallActive,500,72,500,45,69,386046,C#,7,GPL-3.0,master,26,30,28,6150,True,True,True,True,False,False,2019-12-20T22:52:57Z,2026-07-13T20:08:19Z,2026-07-14T12:15:42Z
xibosignage,xibo-cms,SmallActive,500,352,500,49,11,229543,PHP,3,AGPL-3.0,develop,30,30,30,8050,False,False,False,False,False,False,2015-01-08T13:10:34Z,2026-07-14T11:51:10Z,2026-07-14T12:18:32Z
brandonstarxel,chunking_evaluation,SmallActive,500,92,500,8,13,37785,Python,0,MIT,main,2,0,3,5863,True,True,True,False,False,False,2024-06-14T21:18:25Z,2026-07-11T17:53:31Z,2025-12-13T21:34:01Z
multikernel,kernelscript,SmallActive,500,23,500,6,2,2964,OCaml,3,Apache-2.0,main,3,3,4,17829,True,True,True,False,False,False,2025-07-14T04:08:28Z,2026-07-11T15:16:07Z,2026-06-26T18:51:26Z
phenom-films,dayu_widgets,SmallActive,500,102,500,14,23,88064,Python,0,MIT,master,8,24,18,8375,True,True,True,True,False,False,2018-10-11T08:19:28Z,2026-07-12T14:25:00Z,2026-06-18T19:07:47Z
jonesphillip,weft,SmallActive,500,54,500,0,3,1203,TypeScript,0,Apache-2.0,main,1,0,1,10955,False,True,True,False,False,False,2026-01-06T23:05:53Z,2026-06-11T15:38:52Z,2026-02-08T20:57:21Z
mycrl,turn-rs,SmallActive,500,52,500,12,1,2380,Rust,5,MIT,main,9,30,2,6286,False,True,True,True,False,False,2019-05-04T12:20:21Z,2026-07-12T19:15:41Z,2026-07-12T03:24:33Z
giswqs,geog-312,SmallActive,500,217,500,15,5,73806,Jupyter Notebook,7,CC-BY-4.0,main,6,0,6,3847,True,True,True,True,False,False,2024-07-22T03:29:30Z,2026-07-08T10:36:32Z,2026-06-22T06:32:55Z
antfu,raycast-multi-translate,SmallActive,500,39,500,4,6,313,TypeScript,2,MIT,main,4,0,1,3493,False,True,True,False,False,False,2023-06-08T08:29:59Z,2026-07-01T04:23:46Z,2025-09-07T16:26:42Z
optimatika,ojAlgo,SmallActive,500,222,500,21,0,80025,Java,20,MIT,develop,18,0,4,3305,True,False,True,False,False,False,2013-10-06T17:20:10Z,2026-07-13T12:05:14Z,2026-07-13T12:06:05Z
VibingJustSpeakIt,Vibing,SmallActive,500,51,500,6,36,10708,HTML,0,,main,2,0,1,2123,True,True,True,True,False,False,2026-03-27T06:34:00Z,2026-07-13T16:46:03Z,2026-04-27T05:56:34Z
Pixel-Props,BetterKnownInstalled,SmallActive,500,11,500,8,0,3189,Shell,0,GPL-3.0,main,3,2,1,3811,False,True,True,False,False,False,2025-02-06T18:01:34Z,2026-07-14T11:11:36Z,2025-09-06T21:00:51Z
sysnet4admin,_Book_k8sInfra,SmallActive,500,187,500,15,0,26716,Shell,12,,main,1,0,1,9272,True,True,True,False,False,False,2020-10-06T11:41:08Z,2026-06-23T17:30:18Z,2026-06-21T02:30:49Z
hjkl112,DC-Electronic-Load-based,SmallActive,500,1,500,0,0,40849,C,0,,main,1,0,1,283,True,True,True,False,False,False,2025-06-25T02:18:50Z,2026-07-10T11:31:24Z,2025-06-25T03:10:21Z
ralph-irving,squeezelite,SmallActive,500,135,500,42,31,674,C,0,NOASSERTION,master,1,0,1,1937,True,True,True,False,False,False,2015-02-20T16:43:46Z,2026-07-13T08:37:59Z,2026-06-12T18:47:46Z
tickflow-org,tickflow,SmallActive,500,40,500,4,2,147,Python,3,,main,1,0,1,9090,False,True,True,False,False,False,2026-03-09T14:09:49Z,2026-07-14T08:44:45Z,2026-06-20T02:37:52Z
openai,openai-realtime-solar-system,SmallActive,500,101,500,4,0,2799,TypeScript,0,MIT,main,1,0,2,6580,True,True,True,False,False,False,2025-01-13T18:11:13Z,2026-07-10T13:26:53Z,2026-03-04T16:05:51Z
safak,e-commerce-ui,SmallActive,500,587,500,1,6,11876,TypeScript,0,,starter,1,0,2,1450,True,True,True,False,False,False,2025-07-31T15:29:50Z,2026-07-13T16:41:20Z,2025-10-01T10:13:13Z
exacity,deeplearningbook-chinese,Dormant,37318,9121,37318,2169,67,8908,TeX,0,,master,15,7,3,9770,True,True,True,True,False,False,2016-12-07T11:46:51Z,2026-07-14T09:43:46Z,2019-12-03T04:25:44Z
Advanced-Frontend,Daily-Interview-Question,Dormant,27416,3244,27416,988,266,199,JavaScript,5,,master,6,0,1,8522,True,True,True,False,False,False,2019-01-19T10:49:00Z,2026-07-14T01:36:07Z,2020-11-09T01:07:00Z
fouber,blog,Dormant,22583,2334,22583,4980,17,19107,,0,,master,2,0,1,5049,True,True,True,False,False,False,2014-04-25T09:44:42Z,2026-07-11T14:23:09Z,2019-11-12T05:28:36Z
SamyPesse,How-to-Make-a-Computer-Operating-System,Dormant,22420,3458,22420,1526,86,5986,C,0,Apache-2.0,master,30,1,1,1594,False,True,True,False,False,False,2013-11-29T17:36:32Z,2026-07-14T06:37:33Z,2021-12-16T09:10:55Z
futurice,android-best-practices,Dormant,20459,3305,20459,1435,30,584,,3,NOASSERTION,master,30,0,5,37487,False,True,True,False,False,False,2014-07-29T09:09:44Z,2026-07-13T21:39:19Z,2021-10-01T07:31:17Z
afshinea,stanford-cs-229-machine-learning,Dormant,19793,4204,19793,726,20,38339,,8,MIT,master,2,0,1,4213,True,True,True,False,False,False,2018-08-04T23:01:00Z,2026-07-14T08:38:56Z,2020-05-20T04:57:25Z
ShusenTang,Dive-into-DL-PyTorch,Dormant,19427,5402,19427,378,78,35157,Jupyter Notebook,7,Apache-2.0,master,8,0,1,10841,True,True,True,True,False,False,2019-02-21T03:45:20Z,2026-07-13T20:16:13Z,2021-10-14T08:59:15Z
tobiasahlin,SpinKit,Dormant,19338,1766,19338,440,11,265,CSS,0,MIT,master,16,9,1,5268,True,True,True,False,False,False,2013-12-12T23:29:41Z,2026-07-13T08:01:39Z,2020-08-01T09:04:59Z
jcjohnson,neural-style,Dormant,18284,2644,18284,623,316,48191,Lua,0,MIT,master,13,0,2,20118,True,True,True,False,False,False,2015-09-01T04:55:14Z,2026-07-11T14:27:07Z,2018-02-23T01:21:20Z
InterviewMap,CS-Interview-Knowledge-Map,Dormant,18264,2533,18264,684,42,10896,,6,,master,30,0,2,3375,True,True,True,False,False,False,2018-03-19T02:38:12Z,2026-07-13T07:24:39Z,2020-05-03T00:47:59Z
Micropoor,Micro8,Dormant,18064,6651,18064,952,17,98064,,3,,master,3,0,1,2740,True,True,True,False,False,False,2019-02-18T08:30:52Z,2026-07-13T20:16:13Z,2021-04-10T14:29:11Z
forezp,SpringCloudLearning,Dormant,17933,7956,17933,825,50,582,Java,15,,master,1,0,1,10645,True,True,True,False,False,False,2017-04-08T10:06:56Z,2026-07-13T20:13:54Z,2021-04-12T09:53:47Z
reactnativecn,react-native-guide,Dormant,17826,3761,17826,1015,4,117,,0,,master,30,0,2,16678,True,True,True,False,False,False,2015-04-10T03:34:17Z,2026-07-14T03:31:32Z,2020-07-27T05:47:48Z
julianshapiro,velocity,Dormant,17210,1514,17210,389,40,8139,JavaScript,0,MIT,master,30,18,5,5132,True,True,True,False,False,False,2014-04-09T20:02:38Z,2026-07-12T17:03:14Z,2020-10-24T07:45:51Z
menzi11,BullshitGenerator,Dormant,15526,2799,15526,264,151,33,JavaScript,0,NOASSERTION,master,5,0,1,1836,True,True,True,False,False,False,2019-10-28T17:05:51Z,2026-07-13T20:16:54Z,2021-07-10T09:44:32Z
jobbole,awesome-programming-books,Dormant,15441,3463,15441,847,39,158,,0,,master,7,0,1,49131,True,True,True,False,False,False,2016-05-24T02:56:57Z,2026-07-14T08:45:17Z,2021-08-26T16:09:38Z
kailashahirwar,cheatsheets-ai,Dormant,15411,3386,15411,1021,12,29960,,7,MIT,master,3,0,1,4363,True,True,True,True,False,False,2017-05-24T12:06:56Z,2026-07-13T20:14:04Z,2019-10-19T12:33:06Z
zziz,pwc,Dormant,15325,2428,15325,1151,25,1643,,8,,master,9,0,1,353887,True,True,True,True,False,False,2018-09-02T12:06:52Z,2026-07-14T00:14:49Z,2020-01-16T21:38:24Z
limetext,lime,Dormant,15280,1049,15280,737,22,2133,,3,BSD-2-Clause,master,30,0,2,4561,True,True,True,False,False,False,2012-10-03T18:10:02Z,2026-07-12T00:23:21Z,2021-01-02T13:10:47Z
programthink,zhao,Dormant,14021,2728,14021,700,385,72400,Python,0,GPL-3.0,master,1,0,1,6284,False,True,True,False,False,False,2016-02-28T15:38:57Z,2026-07-13T17:46:41Z,2021-08-01T15:22:51Z
Yixiaohan,show-me-the-code,Dormant,13717,4634,13717,1281,3,24,,3,MIT,master,1,0,1,7136,True,True,True,False,False,False,2014-09-04T07:02:34Z,2026-07-14T00:33:18Z,2019-11-11T04:02:04Z
lgvalle,Material-Animations,Dormant,13559,2444,13559,518,20,8692,Java,0,MIT,master,8,0,5,22926,True,True,True,False,False,False,2015-03-08T20:54:00Z,2026-07-14T12:26:20Z,2019-04-02T15:42:38Z
dragen1860,Deep-Learning-with-TensorFlow-book,Dormant,13225,4027,13225,474,81,128308,Jupyter Notebook,8,,master,5,0,1,3585,True,True,True,False,False,False,2019-06-16T05:53:27Z,2026-07-14T06:37:01Z,2021-08-30T10:54:30Z
MorvanZhou,tutorials,Dormant,12971,5677,12971,657,17,62652,Python,9,MIT,master,5,0,1,2604,False,True,True,False,False,False,2016-05-29T13:29:44Z,2026-07-14T07:28:31Z,2020-12-22T22:02:58Z
p8952,bocker,Dormant,12661,752,12661,266,15,373,Shell,0,GPL-3.0,master,9,0,1,4181,False,True,True,False,False,False,2015-07-14T22:33:49Z,2026-07-14T02:22:29Z,2017-12-09T14:16:38Z
node-inspector,node-inspector,Dormant,12644,716,12644,236,243,7522,JavaScript,0,BSD-2-Clause,master,30,0,5,15379,True,True,True,False,False,False,2010-07-17T23:20:19Z,2026-07-12T16:52:31Z,2018-02-08T23:01:21Z
daimajia,AndroidViewAnimations,Dormant,12448,2411,12448,458,66,297,Java,3,MIT,master,15,9,3,3165,True,True,True,False,False,False,2014-06-23T03:53:13Z,2026-07-13T13:12:23Z,2021-08-18T23:15:07Z
jikexueyuanwiki,tensorflow-zh,Dormant,12361,4114,12361,1290,28,44266,TeX,0,,master,30,0,2,6555,True,True,True,False,False,False,2015-11-10T07:59:30Z,2026-07-14T07:33:05Z,2019-08-04T08:55:50Z
bailicangdu,node-elm,Dormant,12351,3681,12351,403,93,8212,JavaScript,4,GPL-2.0,master,4,0,10,9704,True,True,True,False,False,False,2017-03-22T10:48:37Z,2026-07-13T20:13:51Z,2021-12-14T07:06:56Z
zenorocha,alfred-workflows,Dormant,12265,827,12265,376,14,74915,,0,,master,12,22,1,11967,True,True,True,False,False,False,2013-09-23T21:46:31Z,2026-07-13T08:05:40Z,2021-02-27T01:37:28Z
tj,co,Dormant,11851,779,11851,254,44,437,JavaScript,0,MIT,master,30,0,1,5383,True,True,True,False,False,False,2013-06-06T04:06:16Z,2026-07-12T22:02:23Z,2020-12-15T07:22:26Z
bang590,JSPatch,Dormant,11331,2218,11331,493,106,7890,Objective-C,4,MIT,master,30,0,1,8326,True,True,True,False,False,False,2015-05-25T02:37:22Z,2026-07-07T04:37:52Z,2020-12-01T02:18:35Z
cjwirth,awesome-ios-ui,Dormant,11206,1328,11206,633,12,144858,,0,,master,13,0,1,26956,True,True,True,False,False,False,2015-04-07T11:01:23Z,2026-07-10T19:20:18Z,2018-03-08T08:57:40Z
JordanSchuetz,LearnCS8-Resume,Dormant,11202,198,11202,35,1,4326,HTML,0,,master,1,0,1,342,True,True,True,True,False,False,2019-09-20T01:59:27Z,2026-07-06T12:07:32Z,2021-01-04T06:37:12Z
metafizzy,isotope,Dormant,11103,1377,11103,282,76,1699,HTML,0,,master,10,13,3,2098,False,False,True,True,False,False,2011-01-01T05:20:00Z,2026-07-10T16:46:50Z,2021-09-24T03:20:14Z
vipstone,faceai,Dormant,11084,2492,11084,385,38,40473,Python,5,MIT,master,4,0,1,3803,False,True,True,False,False,False,2018-04-17T08:44:17Z,2026-07-13T20:15:11Z,2020-04-16T12:16:19Z
keen,dashboards,Dormant,11038,1391,11038,488,6,2240,HTML,10,MIT,master,21,1,7,5956,True,True,True,True,False,False,2014-08-08T17:16:17Z,2026-07-12T01:00:57Z,2021-11-02T12:25:42Z
jfeinstein10,SlidingMenu,Dormant,10999,4943,10999,954,306,32085,Java,0,Apache-2.0,master,18,0,8,9204,True,True,True,True,False,False,2012-06-30T05:14:23Z,2026-07-08T04:41:55Z,2021-09-19T14:04:18Z
mrgloom,awesome-semantic-segmentation,Dormant,10845,2467,10845,434,17,290,,4,,master,15,0,1,31928,True,True,True,False,False,False,2015-10-03T10:07:34Z,2026-07-14T02:24:04Z,2021-05-08T13:40:11Z
magicalpanda,MagicalRecord,Dormant,10709,1767,10709,380,242,8165,Objective-C,0,NOASSERTION,master,30,10,8,3200,True,True,True,True,False,False,2010-07-27T23:58:18Z,2026-07-09T07:23:45Z,2021-04-27T16:21:19Z
DopplerHQ,awesome-interview-questions,Archived,83555,9530,83555,4,48,488,,14,,master,30,0,5,49633,True,False,True,False,True,False,2015-11-28T09:48:17Z,2026-07-14T11:46:44Z,2024-07-29T14:21:23Z
sdmg15,Best-websites-a-programmer-should-visit,Archived,76269,8561,76269,1,1007,2005,,6,MIT,master,30,0,4,96430,True,True,True,True,True,False,2017-03-05T20:25:17Z,2026-07-14T11:27:14Z,2025-09-16T18:34:24Z
localstack,localstack,Archived,65123,4763,65123,513,0,57561,Python,7,NOASSERTION,main,30,30,2,13741,False,True,True,False,True,False,2016-10-25T23:48:03Z,2026-07-14T11:06:57Z,2026-03-23T08:52:01Z
gsd-build,get-shit-done,Archived,64749,5481,64749,265,0,20286,JavaScript,4,MIT,main,30,30,30,329,True,True,True,False,True,False,2025-12-14T14:17:12Z,2026-07-14T12:00:12Z,2026-05-31T17:46:54Z
minio,minio,Archived,61331,7664,61331,646,80,125263,Go,12,AGPL-3.0,master,30,30,12,8960,False,False,True,True,True,False,2015-01-14T19:23:58Z,2026-07-14T12:02:48Z,2026-04-24T17:54:39Z
atom,atom,Archived,60808,17184,60808,0,994,330585,JavaScript,7,MIT,master,30,30,30,4454,False,False,True,False,True,False,2012-01-20T18:18:21Z,2026-07-14T07:45:47Z,2023-01-03T10:49:48Z
angular,angular.js,Archived,58579,27072,58579,4,461,101796,JavaScript,0,MIT,master,30,0,22,6130,True,True,True,False,True,False,2010-01-06T00:34:37Z,2026-07-13T20:09:52Z,2024-04-12T17:43:16Z
AntonOsika,gpt-engineer,Archived,55189,7293,55189,525,69,20474,Python,10,MIT,main,30,21,30,7857,False,True,True,False,True,False,2023-04-29T12:52:15Z,2026-07-14T09:21:10Z,2025-05-14T10:15:10Z
maybe-finance,maybe,Archived,54339,5648,54339,3,0,6891,Ruby,8,AGPL-3.0,main,30,28,15,2366,True,False,False,False,True,False,2024-01-01T22:23:46Z,2026-07-14T11:20:09Z,2025-07-24T22:20:44Z
GitSquared,edex-ui,Archived,44969,3153,44969,11,6,31579,JavaScript,13,GPL-3.0,master,30,29,1,11836,True,False,True,False,True,False,2017-01-28T09:35:02Z,2026-07-14T09:09:49Z,2021-10-19T22:38:47Z
dylanaraps,pure-bash-bible,Archived,41706,3629,41706,3,62,232,Shell,12,MIT,master,20,0,1,49418,False,False,True,False,True,False,2018-06-13T01:39:33Z,2026-07-14T07:07:36Z,2023-11-28T03:26:23Z
google-research,bert,Archived,40052,9690,40052,0,880,317,Python,5,Apache-2.0,master,25,0,2,50519,True,False,True,False,True,False,2018-10-25T22:57:34Z,2026-07-13T20:15:48Z,2024-07-23T23:39:41Z
siddharthvaddem,openscreen,Archived,39347,2895,39347,85,49,170173,TypeScript,5,MIT,main,30,13,22,8149,True,True,True,False,True,False,2025-10-10T05:36:55Z,2026-07-14T12:23:31Z,2026-06-17T02:34:20Z
karpathy,LLM101n,Archived,37469,2057,37469,52,19,275,,0,,master,1,0,1,2398,False,False,False,False,True,False,2024-05-27T00:23:38Z,2026-07-14T09:32:09Z,2024-08-01T01:20:33Z
openai,gym,Archived,37250,8690,37250,1038,128,7125,Python,0,NOASSERTION,master,30,19,30,4854,True,True,True,False,True,False,2016-04-27T14:59:16Z,2026-07-14T09:09:05Z,2026-03-26T23:13:27Z
inkonchain,ink-kit,Archived,36446,430,36446,0,3,1109,TypeScript,0,MIT,main,12,0,6,3040,False,False,True,False,True,False,2024-11-04T16:32:17Z,2026-07-14T08:44:17Z,2025-10-20T15:44:41Z
reworkd,AgentGPT,Archived,36273,9298,36273,331,219,91869,TypeScript,15,GPL-3.0,main,30,12,30,12501,False,False,True,False,True,False,2023-04-07T02:29:19Z,2026-07-14T09:55:28Z,2025-04-29T01:19:32Z
slatedocs,slate,Archived,36073,363,36073,489,50,1323,,4,,migration-notice,1,28,1,646,True,False,True,False,True,False,2013-09-13T22:15:24Z,2026-07-13T20:10:59Z,2026-02-01T05:54:12Z
opentofu,manifesto,Archived,35722,1030,35722,63,20,1858,HTML,0,Apache-2.0,main,30,0,30,778,False,True,True,True,True,False,2023-08-13T16:17:24Z,2026-07-13T21:51:23Z,2025-03-18T18:26:51Z
nativefier,nativefier,Archived,35304,2237,35304,3,258,6372,TypeScript,6,MIT,master,30,30,2,3767,False,False,True,False,True,False,2015-07-05T05:56:42Z,2026-07-14T09:22:58Z,2023-09-29T13:45:16Z
nodejs,node-v0.x-archive,Archived,34295,7227,34295,32,0,144238,,0,,moved,2,0,30,627,True,True,True,False,True,False,2009-05-27T16:29:46Z,2026-07-14T06:35:26Z,2024-08-15T20:32:32Z
testerSunshine,12306,Archived,34123,9629,34123,1,279,58570,Python,0,MIT,master,21,1,10,7054,True,True,True,False,True,False,2017-05-17T12:23:40Z,2026-07-14T10:37:57Z,2023-04-02T03:19:43Z
atlassian,react-beautiful-dnd,Archived,33978,2710,33978,2,643,14804,JavaScript,6,NOASSERTION,master,30,30,30,11096,False,True,True,False,True,False,2017-08-09T03:37:15Z,2026-07-14T11:10:32Z,2025-08-18T04:35:31Z
alibaba,easyexcel,Archived,33695,7580,33695,17,569,26334,Java,7,Apache-2.0,master,30,14,29,12153,True,True,True,False,True,False,2018-02-06T03:14:08Z,2026-07-13T09:41:00Z,2024-10-29T06:07:07Z
AFNetworking,AFNetworking,Archived,33422,10603,33422,7,102,6129,Objective-C,0,MIT,master,30,30,6,15048,True,False,False,False,True,False,2011-05-31T21:28:44Z,2026-07-10T02:12:09Z,2023-01-17T19:30:05Z
adobe,brackets,Archived,33028,7463,33028,25,2778,92974,JavaScript,0,MIT,master,30,30,30,6933,True,True,True,False,True,False,2011-12-07T21:14:40Z,2026-07-12T18:50:40Z,2022-06-12T08:19:24Z
microsoft,MS-DOS,Archived,32271,4647,32271,7,3,120196,Assembly,1,MIT,main,30,0,1,2143,False,False,False,False,True,False,2018-06-25T18:26:02Z,2026-07-13T21:58:50Z,2024-04-25T22:32:47Z
facebookresearch,fairseq,Archived,32239,6675,32239,421,1352,26071,Python,3,MIT,main,30,16,30,17398,False,True,True,False,True,False,2017-08-29T16:26:12Z,2026-07-13T20:14:23Z,2025-09-30T11:16:06Z
Chanzhaoyu,chatgpt-web,Archived,31563,10779,31563,1,1,6223,Vue,0,MIT,main,30,30,3,14432,True,True,True,False,True,False,2023-02-09T03:21:37Z,2026-07-13T20:18:06Z,2024-08-16T15:26:57Z
iperov,DeepFaceLive,Archived,30992,1285,30992,9,1,1540184,Python,7,GPL-3.0,master,8,30,1,10162,False,True,True,False,True,False,2020-12-15T12:19:22Z,2026-07-14T08:26:16Z,2024-11-08T03:07:42Z
blueimp,jQuery-File-Upload,Archived,30740,7768,30740,1564,53,4611,PHP,0,MIT,master,30,0,6,8572,True,False,True,True,True,False,2010-12-01T15:35:32Z,2026-07-13T17:07:30Z,2026-04-08T09:52:14Z
herrbischoff,awesome-macos-command-line,Archived,30734,1433,30734,738,0,1,,7,,main,1,0,1,1461,False,False,False,True,True,False,2015-09-22T19:37:55Z,2026-07-14T10:22:50Z,2026-03-04T11:01:49Z
Binaryify,NeteaseCloudMusicApi,Archived,30278,15742,30278,0,147,1,,6,,master,1,0,1,149,False,True,True,True,True,False,2016-06-22T11:58:03Z,2026-07-14T02:37:09Z,2024-02-28T02:47:42Z
feder-cr,Jobs_Applier_AI_Agent_AIHawk,Archived,30010,4602,30010,204,26,192,Python,20,AGPL-3.0,main,9,0,1,1438,False,False,True,True,True,False,2024-08-04T12:15:06Z,2026-07-14T11:53:19Z,2026-05-17T00:16:40Z
dnSpy,dnSpy,Archived,29650,5578,29650,3,185,35047,C#,0,,master,25,1,1,4308,True,False,False,False,True,False,2015-07-01T16:05:10Z,2026-07-14T08:25:51Z,2020-12-20T23:55:15Z
lidongyooo,AlgoKiller,New,99,68,99,1,0,130,Python,0,,main,1,0,1,13159,False,True,True,False,False,False,2026-04-28T08:14:49Z,2026-07-08T06:46:12Z,2026-06-23T08:34:42Z
Diaugeia,paper-glance-skill,New,99,8,99,0,0,69,,0,,main,1,4,1,7159,True,True,True,False,False,False,2026-03-07T03:30:43Z,2026-07-08T21:57:55Z,2026-07-08T21:57:20Z
Pawel-N-pl,bmad-assist,New,99,24,99,2,10,5944,Python,0,,master,3,23,1,12590,True,True,True,False,False,False,2026-01-18T08:03:03Z,2026-06-21T15:59:17Z,2026-06-08T08:12:48Z
buer2233,ai-api-test-skill,New,99,13,99,2,1,22963,Python,16,MIT,master,0,4,4,8069,True,True,True,False,False,False,2026-04-28T01:53:45Z,2026-07-14T02:10:13Z,2026-06-23T09:28:18Z
ghotality,theforge-crafting,New,99,7,99,0,0,2751,TypeScript,0,,main,3,0,1,1248,True,True,False,True,False,False,2025-12-01T02:55:20Z,2026-07-14T04:44:25Z,2025-12-05T19:21:01Z
Awuqing,BackupX,New,99,15,99,1,4,3611,Go,1,Apache-2.0,main,2,27,22,5889,True,True,True,True,False,False,2026-03-17T05:36:24Z,2026-06-12T15:02:29Z,2026-06-20T02:10:56Z
fengruyi123,FFmpegGUI,New,99,4,99,1,8,61,,0,,main,1,21,1,2601,True,True,True,False,False,False,2025-04-05T15:20:09Z,2026-07-09T14:59:05Z,2025-12-04T16:20:36Z
baxy5,scificn-ui,New,99,8,99,0,2,136713,TypeScript,0,,main,1,0,1,3521,True,True,True,False,False,False,2026-02-19T16:05:34Z,2026-07-11T08:40:59Z,2026-04-07T09:52:16Z
Vitruves,firemark,New,99,6,99,2,1,16230,Rust,0,MIT,main,2,3,1,11024,True,True,True,False,False,False,2026-03-09T15:20:55Z,2026-07-11T17:33:14Z,2026-07-11T17:33:05Z
T3-Content,skatebench,New,99,17,99,2,4,206,TypeScript,0,MIT,main,1,0,5,224,False,True,True,False,False,False,2025-07-27T03:48:20Z,2026-07-12T01:09:24Z,2026-02-20T22:23:10Z
Semperis,SAMLSmith,New,99,6,99,0,2,486,C#,0,Apache-2.0,main,1,0,3,6089,True,True,True,False,False,False,2025-07-13T14:30:09Z,2026-07-13T12:07:03Z,2026-04-14T23:33:31Z
gowtham0992,link,New,99,13,99,5,0,11142,Python,7,MIT,main,1,6,3,27359,False,True,True,True,False,False,2026-04-10T04:31:25Z,2026-07-14T07:48:32Z,2026-07-13T02:30:42Z
sthetix,HATS-Tools,New,99,5,99,3,5,6939,C,0,GPL-3.0,main,30,15,1,8409,True,True,True,False,False,False,2025-12-24T01:52:06Z,2026-07-14T08:30:41Z,2026-06-30T23:45:10Z
MAS-Copilot,wpf-mc-protocol-next,New,99,15,99,8,0,25032,C#,5,NOASSERTION,main,2,1,1,4107,True,True,True,False,False,False,2025-04-14T01:00:57Z,2026-06-09T02:18:11Z,2026-02-27T05:53:04Z
led-run,led.run,New,99,6,99,1,2,1036,JavaScript,0,MIT,main,1,0,3,3685,True,True,True,False,False,False,2026-02-07T04:50:04Z,2026-06-12T02:31:18Z,2026-03-01T03:25:47Z
KartikLabhshetwar,portfolio,New,99,14,99,1,0,229491,TypeScript,5,Apache-2.0,main,1,0,1,81,True,True,True,False,False,False,2025-03-25T09:15:30Z,2026-06-28T14:47:07Z,2026-06-28T14:47:03Z
blogger-templates,Plus-UI-V3.7.0,New,99,26,99,2,0,2131,,16,MIT,main,1,2,1,6866,False,True,False,True,False,False,2025-04-22T13:12:11Z,2026-06-29T19:01:55Z,2026-01-15T05:16:00Z
AI3lab,argo-workflow-runner,New,99,1,99,0,0,180,Python,0,NOASSERTION,main,3,0,1,2323,True,True,True,False,False,False,2025-01-14T16:31:31Z,2025-09-02T09:35:48Z,2025-01-31T08:06:15Z
AXora009,Technician-AI,New,99,1,99,0,0,593,Python,0,,main,4,0,14,21208,False,True,True,False,False,False,2026-04-18T19:45:01Z,2026-07-09T18:05:17Z,2026-07-09T18:04:52Z
hatemkhalid,portfolio,New,99,0,99,1,0,2,,0,,main,1,0,1,35,True,True,True,False,False,False,2026-01-09T14:48:07Z,2026-07-08T04:47:35Z,2026-01-10T21:18:46Z
mhmtszr,go-guidelines,New,99,5,99,1,0,66,,0,MIT,master,2,0,1,5383,False,True,True,False,False,False,2026-03-05T08:40:03Z,2026-07-11T23:17:32Z,2026-07-08T09:57:38Z
shuyu-labs,AntSK-FileChunk,New,99,18,99,2,0,546,Python,0,,main,2,0,2,13595,True,True,True,False,False,False,2025-08-21T04:36:57Z,2026-07-11T05:36:13Z,2026-05-16T12:09:37Z
game4automation,realvirtual-WEB,New,99,22,99,2,0,106051,TypeScript,8,AGPL-3.0,main,1,0,1,17936,True,True,True,False,False,False,2026-03-26T18:41:59Z,2026-07-11T13:49:45Z,2026-06-27T10:50:41Z
AnthonySf,TheStringTheory,New,99,9,99,5,8,1123982,C#,0,GPL-3.0,main,1,11,5,6130,True,True,True,False,False,False,2026-03-16T23:02:42Z,2026-07-13T11:46:13Z,2026-07-05T23:22:23Z
tiehfood,thrifty,New,99,5,99,1,8,2944,Go,11,BSD-2-Clause,main,3,16,8,5732,False,False,True,False,False,False,2025-01-21T16:48:26Z,2026-07-13T04:09:20Z,2026-06-22T08:14:36Z
ibidi,schengen-visa,New,99,12,99,1,0,88,TypeScript,0,MIT,main,1,0,1,16359,True,True,True,False,False,False,2025-11-12T22:38:39Z,2026-07-14T07:33:55Z,2025-11-16T21:00:04Z
coffeefuelbump,AI-YouTube-Timestamps,New,99,55,99,2,8,909,JavaScript,0,,main,1,0,3,5337,True,True,True,False,False,False,2025-06-21T04:26:25Z,2026-07-14T11:23:17Z,2025-07-10T05:55:38Z
trr678,yy78,New,99,0,99,0,0,3,HTML,0,,main,0,0,1,800,True,True,True,False,False,False,2025-11-29T07:26:43Z,2026-04-14T00:27:25Z,2025-11-29T07:33:50Z
PKU-YuanGroup,Look-Back,New,99,5,99,0,4,2674,Python,0,,master,2,0,2,7069,False,True,True,False,False,False,2025-06-08T07:25:38Z,2026-07-06T13:06:00Z,2025-07-10T02:52:08Z
badtuxx,LINUXtips-github-actions,New,99,169,99,0,16,180,JavaScript,0,MIT,main,2,0,1,3602,True,True,True,False,False,False,2025-09-11T13:14:34Z,2026-07-07T19:00:04Z,2025-10-02T13:48:04Z
XY121718,baoyu-skills,New,99,8,99,0,2,30060,TypeScript,0,,main,10,0,1,33639,True,True,True,False,False,False,2026-03-02T09:30:39Z,2026-06-22T14:27:34Z,2026-03-02T13:09:59Z
tryghostxyz,solfi-sim,New,99,39,99,2,0,414,Rust,0,Apache-2.0,main,2,0,2,3888,True,True,True,False,False,False,2025-04-15T16:25:06Z,2026-06-14T08:03:33Z,2025-07-22T19:04:24Z
wevm,cuer,New,99,4,99,2,5,152,TypeScript,0,MIT,main,4,3,3,1232,False,True,True,False,False,False,2025-03-22T09:49:26Z,2026-06-12T19:22:03Z,2025-12-01T07:52:19Z
facebookresearch,visual_inertial_bundle_adjustment,New,99,8,99,4,0,1513,C++,0,MIT,main,4,0,2,6391,False,True,True,False,False,False,2025-12-18T22:28:42Z,2026-06-30T16:54:31Z,2026-03-20T08:30:56Z
grp06,goalcraft,New,99,7,99,2,0,2665,Python,0,MIT,main,1,0,1,4065,True,True,True,False,False,False,2026-05-08T21:55:07Z,2026-07-13T06:32:21Z,2026-06-04T22:23:26Z
celsomarques,ionic-datepicker,Hobby,50,29,50,10,9,257,TypeScript,0,MIT,master,6,11,3,2669,True,True,True,False,False,False,2015-07-20T00:22:23Z,2023-07-11T01:23:08Z,2017-09-05T00:00:53Z
licheedev,Custom-Glide-ModelLoader-Demo,Hobby,50,12,50,2,0,220,Java,0,,master,1,0,1,196,True,True,True,False,False,False,2015-09-19T10:59:10Z,2025-07-05T03:05:41Z,2015-09-20T10:15:09Z
benfred,mds.js,Hobby,50,9,50,6,1,116,HTML,0,MIT,master,1,0,2,269,True,True,True,True,False,False,2013-05-16T16:51:27Z,2024-02-23T19:56:39Z,2015-11-10T04:40:34Z
DomanyDusan,lambda-sql-builder,Hobby,50,21,50,11,2,140,C#,0,NOASSERTION,master,1,0,1,5002,True,True,True,False,False,False,2013-05-22T10:03:36Z,2025-10-08T13:57:50Z,2017-06-14T13:52:12Z
OttoAllmendinger,gnome-shell-imgur,Hobby,50,14,50,4,1,102,JavaScript,0,MIT,master,8,0,1,263,True,True,True,False,False,False,2013-05-20T22:06:59Z,2026-03-13T21:43:19Z,2017-05-08T11:21:36Z
drubio,beginningdjango,Hobby,50,32,50,4,0,3013,Python,0,,master,1,0,1,98,True,True,True,False,False,False,2013-04-23T06:48:00Z,2024-09-25T17:31:09Z,2022-04-01T00:24:09Z
leigo,guide,Hobby,50,53,50,7,0,3243,,0,,master,1,0,1,53,True,True,True,False,False,False,2013-05-03T12:42:24Z,2023-10-19T07:00:08Z,2013-05-03T12:58:38Z
lmacken,unicards,Hobby,50,11,50,4,3,39,Python,0,Apache-2.0,master,4,2,1,1120,True,True,True,False,False,False,2013-07-22T01:52:43Z,2026-01-25T16:05:06Z,2023-03-07T21:27:46Z
kremalicious,wp-icons-template,Hobby,50,3,50,6,0,749,PHP,0,,master,1,0,1,782,False,True,True,False,False,False,2012-05-13T15:20:02Z,2024-07-09T12:14:43Z,2012-07-15T17:19:52Z
mikekelly,hal-rfc,Hobby,50,16,50,16,0,70,,0,,master,5,0,2,660,True,True,True,False,False,False,2012-06-06T23:22:07Z,2024-07-27T12:55:36Z,2023-10-19T10:31:55Z
scikit-hep,probfit,Hobby,50,30,50,2,10,16865,Jupyter Notebook,0,MIT,master,13,2,8,2175,False,True,True,False,True,False,2012-03-30T05:40:00Z,2026-02-08T18:59:23Z,2024-05-21T05:46:10Z
erijo,transparent-proxy,Hobby,50,20,50,3,0,97,Python,0,,master,1,0,1,467,True,True,True,False,False,False,2012-02-14T08:28:36Z,2026-01-06T10:25:30Z,2020-11-23T19:35:08Z
deemstone,Dproxy,Hobby,50,11,50,3,1,263,JavaScript,0,,master,0,0,2,3768,True,True,True,False,False,False,2011-12-10T08:23:30Z,2024-09-24T17:47:53Z,2014-11-20T06:22:20Z
chrishulbert,CHDropboxSync,Hobby,50,9,50,6,0,400,Objective-C,0,NOASSERTION,master,1,0,1,3514,True,True,True,False,False,False,2011-12-15T01:30:25Z,2025-04-01T05:57:47Z,2012-01-03T10:11:55Z
philikon,queryIndexedDB,Hobby,50,2,50,0,2,106,JavaScript,0,,master,1,0,1,1274,True,True,True,False,False,False,2012-02-29T18:35:24Z,2023-07-10T20:53:58Z,2012-03-08T03:33:03Z
euphony-io,euphony,Hobby,50,46,50,10,14,1499,C++,5,Apache-2.0,master,28,4,9,4278,False,True,True,True,False,False,2013-06-14T08:38:10Z,2024-09-15T17:04:00Z,2022-10-04T12:45:04Z
feross,Life,Hobby,50,7,50,7,5,13,,1,,master,10,0,1,1095,False,False,True,False,False,False,2013-07-14T11:50:09Z,2026-02-01T05:53:31Z,2018-09-12T01:12:52Z
vishnus,Olam,Hobby,50,17,50,7,6,9863,Java,0,MIT,master,2,0,1,431,True,True,True,False,False,False,2013-09-08T12:03:23Z,2026-04-01T14:17:56Z,2015-09-05T14:57:15Z
heyimjuani,minRead,Hobby,50,4,50,2,1,121,JavaScript,0,,master,2,0,1,40,True,True,True,False,False,False,2013-08-28T20:44:19Z,2026-01-24T21:35:56Z,2013-08-29T19:28:14Z
bestony,V2API,Hobby,50,5,50,4,0,5,,0,,master,1,0,1,238,True,True,True,False,False,False,2016-10-04T00:44:00Z,2024-10-26T09:43:17Z,2017-10-25T23:02:38Z
wacai,pt-goodjob,Hobby,50,31,50,13,1,11330,JavaScript,0,,master,0,0,1,4062,True,True,True,False,False,False,2016-07-04T10:00:21Z,2024-10-27T03:08:31Z,2016-09-07T04:32:03Z
uFrame,uFrame.ECS,Hobby,50,12,50,13,6,41622,C#,0,,master,2,1,2,1194,True,True,True,False,False,False,2016-07-11T01:22:35Z,2022-01-14T09:59:52Z,2017-11-08T02:19:03Z
PagerDuty,API_Python_Examples,Hobby,50,54,50,25,5,113,Python,1,,master,9,0,6,0,True,True,True,False,False,False,2016-06-21T22:37:10Z,2024-03-16T23:20:57Z,2021-03-25T17:06:57Z
codeclysm,extract,Hobby,50,19,50,2,8,191,Go,6,MIT,master,8,10,1,2515,True,True,True,False,False,False,2016-08-26T08:51:43Z,2026-01-12T05:41:30Z,2024-08-08T14:55:51Z
electrodejs,deprecated-electrode-demo-index,Hobby,50,4,50,2,0,21,JavaScript,0,NOASSERTION,master,5,0,1,1801,True,True,True,False,False,False,2016-08-19T21:43:40Z,2026-04-05T16:47:47Z,2016-12-15T09:05:47Z
gabdube,tinyblend,Hobby,50,6,50,5,0,762,Python,0,,master,2,2,1,5985,True,True,True,False,False,False,2016-08-19T02:40:04Z,2026-01-22T04:54:11Z,2020-02-07T12:06:20Z
rgl,pxe-vagrant,Hobby,50,7,50,4,0,96,Shell,4,,master,1,0,1,4075,True,True,True,False,False,False,2016-08-07T23:06:09Z,2026-04-22T14:49:47Z,2022-03-27T16:26:57Z
akleber,fronius-json-tools,Hobby,50,13,50,8,3,724,Python,0,MIT,master,1,0,1,4169,True,True,True,False,False,False,2016-09-14T17:59:46Z,2026-05-03T21:32:54Z,2022-09-05T15:26:36Z
tihmstar,noncestatistics,Hobby,50,18,50,10,2,37,C,0,MIT,master,3,1,1,0,True,True,True,False,False,False,2016-09-08T17:38:37Z,2025-04-07T08:04:03Z,2017-01-21T11:23:49Z
bbc,unicode-bidirectional,Hobby,50,11,50,41,3,1785,JavaScript,6,MIT,master,1,2,4,9125,True,True,True,False,False,False,2016-09-19T12:02:20Z,2026-02-27T11:10:56Z,2019-04-03T04:38:19Z
haoyoucai,AndroidTimer,Hobby,50,13,50,2,0,986,Java,0,,master,1,0,1,276,True,True,True,False,False,False,2016-09-22T04:50:47Z,2025-01-22T09:49:51Z,2016-09-22T06:47:36Z
ygravrand,steppy,Hobby,50,6,50,4,4,138,Python,0,NOASSERTION,master,1,0,3,3687,True,True,True,False,False,False,2016-11-18T17:21:19Z,2025-03-09T05:12:49Z,2022-01-23T10:06:59Z
yoosan,mxnet-seq2seq,Hobby,50,23,50,2,2,7281,Python,3,,master,0,0,1,1620,True,True,True,False,False,False,2016-10-25T08:53:44Z,2024-12-29T15:17:44Z,2016-11-24T03:01:49Z
babaktr,musical-instrument-recognition,Hobby,50,9,50,4,1,2193,Matlab,0,,master,1,0,1,3561,True,True,True,False,False,False,2016-05-29T12:48:51Z,2025-10-08T16:07:12Z,2017-05-16T19:25:14Z
tencentyun,cos-js-sdk-v4,Hobby,50,31,50,55,3,441,JavaScript,5,MIT,master,3,3,1,8722,True,True,True,False,False,False,2016-11-24T03:47:07Z,2022-07-29T15:49:57Z,2021-02-04T09:39:43Z
